1439;Diving
1440;CleanAndJerk
1441;CricketShot
1442;ThrowDiscus
1443;FrisbeeCatch
1444;Diving
1445;CricketShot
1446;ThrowDiscus
1447;CricketShot
1448;HighJump
1449;Shotput
1450;TennisSwing
1451;CleanAndJerk
1452;CricketBowling
1453;TennisSwing
1454;GolfSwing
1455;BasketballDunk
1456;PoleVault
1457;CricketShot
1458;CricketShot
1459;CricketShot
1460;Diving
1461;HighJump
1462;CleanAndJerk
1463;ThrowDiscus
1464;LongJump
1465;Shotput
1466;Shotput
1467;TennisSwing
1468;ThrowDiscus
1469;CleanAndJerk
1470;CleanAndJerk
1471;BasketballDunk
1472;CricketBowling
1473;HighJump
1474;Diving
1475;CricketBowling
1476;HighJump
1477;CricketShot
1478;Shotput
1479;FrisbeeCatch
1480;Diving
1481;PoleVault
1482;Shotput
1483;JavelinThrow
1484;LongJump
1485;FrisbeeCatch
1486;Diving
1487;TennisSwing
1488;ThrowDiscus
1489;BasketballDunk
1490;JavelinThrow
1491;Diving
1492;BasketballDunk
1493;PoleVault
1494;BasketballDunk
1495;Diving
1496;PoleVault
1497;GolfSwing
1498;HighJump
1499;CricketBowling
1500;PoleVault
1501;LongJump
1502;CricketBowling
1503;GolfSwing
1504;FrisbeeCatch
1505;GolfSwing
1506;ThrowDiscus
1507;PoleVault
1508;ThrowDiscus
1509;JavelinThrow
1510;CricketBowling
1511;JavelinThrow
1512;Shotput
1513;JavelinThrow
1514;Shotput
1515;CricketShot
1516;Shotput
1517;TennisSwing
1518;CricketBowling
1519;LongJump
1520;FrisbeeCatch
1521;LongJump
1522;GolfSwing
1523;HighJump
1524;CricketBowling
1525;GolfSwing
1526;BasketballDunk
1527;HighJump
1528;JavelinThrow
1529;LongJump
1530;TennisSwing
1531;HighJump
1532;CleanAndJerk
1533;CricketShot
1534;GolfSwing
1535;GolfSwing
1536;CleanAndJerk
1537;BasketballDunk
1538;PoleVault
1539;FrisbeeCatch
1540;PoleVault
1541;FrisbeeCatch
1542;BasketballDunk
1543;Diving
1544;TennisSwing
1545;CleanAndJerk
1546;HighJump
1547;PoleVault
1548;LongJump
1549;LongJump
1550;JavelinThrow
1551;GolfSwing
1552;CleanAndJerk
1553;BasketballDunk
1554;CricketShot
1555;CricketBowling
1556;GolfSwing
1557;HighJump
1558;PoleVault
1559;ThrowDiscus
1560;Shotput
1561;LongJump
1562;TennisSwing
1563;JavelinThrow
1564;ThrowDiscus
1565;Diving
1566;CricketBowling
1567;FrisbeeCatch
1568;TennisSwing
1569;ThrowDiscus
1570;FrisbeeCatch
1571;JavelinThrow
1572;BasketballDunk
1573;TennisSwing
1574;LongJump
1575;JavelinThrow
1576;Shotput
1577;FrisbeeCatch
1578;CleanAndJerk