0;CliffDiving
1;Billiards
2;CliffDiving
3;VolleyballSpiking
4;VolleyballSpiking
5;CliffDiving
6;VolleyballSpiking
7;SoccerPenalty
8;VolleyballSpiking
9;VolleyballSpiking
10;Billiards
11;HammerThrow
12;VolleyballSpiking
13;Billiards
14;HammerThrow
15;HammerThrow
16;HammerThrow
17;HammerThrow
18;VolleyballSpiking
19;SoccerPenalty
20;Billiards
21;VolleyballSpiking
22;HammerThrow
23;CliffDiving
24;VolleyballSpiking
25;VolleyballSpiking
26;SoccerPenalty
27;Billiards
28;HammerThrow
29;CliffDiving
30;VolleyballSpiking
31;Billiards
32;CliffDiving
33;HammerThrow
34;Billiards
35;CliffDiving
36;BaseballPitch
37;HammerThrow
38;Billiards
39;VolleyballSpiking
40;CliffDiving
41;HammerThrow
42;CliffDiving
43;CliffDiving
44;VolleyballSpiking
45;VolleyballSpiking
46;HammerThrow
47;Billiards
48;CliffDiving
49;BaseballPitch
50;CliffDiving
51;HammerThrow
52;HammerThrow
53;CliffDiving
54;BaseballPitch
55;VolleyballSpiking
56;HammerThrow
57;VolleyballSpiking
58;SoccerPenalty
59;CliffDiving
60;CliffDiving
61;VolleyballSpiking
62;CliffDiving
63;VolleyballSpiking
64;HammerThrow
65;VolleyballSpiking
66;CliffDiving
67;HammerThrow
68;Billiards
69;SoccerPenalty
70;CliffDiving
71;VolleyballSpiking
72;BaseballPitch
73;VolleyballSpiking
74;CliffDiving
75;HammerThrow
76;CliffDiving
77;Billiards
78;HammerThrow
79;HammerThrow
80;VolleyballSpiking
81;SoccerPenalty
82;BaseballPitch
83;SoccerPenalty
84;HammerThrow
85;HammerThrow
86;HammerThrow
87;HammerThrow
88;CliffDiving
89;Billiards
90;BaseballPitch
91;CliffDiving
92;Billiards
93;VolleyballSpiking
94;HammerThrow
95;VolleyballSpiking
96;Billiards
97;HammerThrow
98;BaseballPitch
99;VolleyballSpiking
100;HammerThrow
101;VolleyballSpiking
102;CliffDiving
103;VolleyballSpiking
104;HammerThrow
105;VolleyballSpiking
106;CliffDiving
107;HammerThrow
108;BaseballPitch
109;VolleyballSpiking
110;BaseballPitch
111;HammerThrow
112;VolleyballSpiking
113;Billiards
114;Billiards
115;HammerThrow
116;BaseballPitch
117;BaseballPitch
118;SoccerPenalty
119;VolleyballSpiking
120;CliffDiving
121;SoccerPenalty
122;CliffDiving
123;CliffDiving
124;VolleyballSpiking
125;SoccerPenalty
126;HammerThrow
127;VolleyballSpiking
128;HammerThrow
129;HammerThrow
130;CliffDiving
131;HammerThrow
132;CliffDiving
133;HammerThrow
134;HammerThrow
135;HammerThrow
136;CliffDiving
137;CliffDiving
138;CliffDiving
139;SoccerPenalty
140;HammerThrow
141;SoccerPenalty
142;HammerThrow
143;VolleyballSpiking
144;HammerThrow
145;HammerThrow
146;SoccerPenalty
147;HammerThrow
148;HammerThrow
149;CliffDiving
150;Billiards
151;CliffDiving
152;CliffDiving
153;CliffDiving
154;CliffDiving
155;CliffDiving
156;HammerThrow
157;VolleyballSpiking
158;CliffDiving
159;Billiards
160;BaseballPitch
161;VolleyballSpiking
162;VolleyballSpiking
163;CliffDiving
164;CliffDiving
165;CliffDiving
166;Billiards
167;CliffDiving
168;SoccerPenalty
169;CliffDiving
170;CliffDiving
171;VolleyballSpiking
172;SoccerPenalty
173;CliffDiving
174;VolleyballSpiking
175;VolleyballSpiking
176;VolleyballSpiking
177;HammerThrow
178;HammerThrow
179;VolleyballSpiking
180;VolleyballSpiking
181;Billiards
182;HammerThrow
183;CliffDiving
184;HammerThrow
185;BaseballPitch
186;CliffDiving
187;HammerThrow
188;Billiards
189;HammerThrow
190;VolleyballSpiking
191;Billiards
192;CliffDiving
193;SoccerPenalty
194;SoccerPenalty
195;HammerThrow
196;VolleyballSpiking
197;VolleyballSpiking
198;CliffDiving
199;VolleyballSpiking
200;VolleyballSpiking
201;Billiards
202;VolleyballSpiking
203;HammerThrow
204;HammerThrow
205;Billiards
206;BaseballPitch
207;HammerThrow
208;SoccerPenalty
209;Billiards
210;CliffDiving
211;SoccerPenalty
212;CliffDiving
213;HammerThrow
214;VolleyballSpiking
215;Billiards
216;SoccerPenalty
217;VolleyballSpiking
218;CliffDiving
219;VolleyballSpiking
220;Billiards
221;CliffDiving
222;HammerThrow
223;BaseballPitch
224;HammerThrow
225;CliffDiving
226;CliffDiving
227;VolleyballSpiking
228;HammerThrow
229;HammerThrow
230;VolleyballSpiking
231;CliffDiving
232;CliffDiving
233;HammerThrow
234;HammerThrow
235;HammerThrow
236;VolleyballSpiking
237;CliffDiving
238;CliffDiving
239;Billiards
240;HammerThrow
241;HammerThrow
242;HammerThrow
243;HammerThrow
244;Billiards
245;CliffDiving
246;VolleyballSpiking
247;CliffDiving
248;BaseballPitch
249;Billiards
250;HammerThrow
251;HammerThrow
252;HammerThrow
253;CliffDiving
254;HammerThrow
255;HammerThrow
256;HammerThrow
257;VolleyballSpiking
258;CliffDiving
259;HammerThrow
260;CliffDiving
261;CliffDiving
262;Billiards
263;HammerThrow
264;HammerThrow
265;HammerThrow
266;SoccerPenalty
267;CliffDiving
268;HammerThrow
269;CliffDiving
270;VolleyballSpiking
271;HammerThrow
272;CliffDiving
273;BaseballPitch
274;HammerThrow
275;CliffDiving
276;HammerThrow
277;VolleyballSpiking
278;VolleyballSpiking
279;HammerThrow
280;BaseballPitch
281;CliffDiving
282;CliffDiving
283;HammerThrow
284;CliffDiving
285;VolleyballSpiking
286;SoccerPenalty
287;HammerThrow
288;Billiards
289;CliffDiving
290;BaseballPitch
291;HammerThrow
292;HammerThrow
293;VolleyballSpiking
294;CliffDiving
295;VolleyballSpiking
296;HammerThrow
297;Billiards
298;CliffDiving
299;CliffDiving
300;Billiards
301;HammerThrow
302;CliffDiving
303;HammerThrow
304;CliffDiving
305;Billiards
306;HammerThrow
307;CliffDiving
308;CliffDiving
309;SoccerPenalty
310;CliffDiving
311;HammerThrow
312;Billiards
313;HammerThrow
314;VolleyballSpiking
315;SoccerPenalty
316;VolleyballSpiking
317;Billiards
318;CliffDiving
319;SoccerPenalty
320;VolleyballSpiking
321;VolleyballSpiking
322;HammerThrow
323;HammerThrow
324;VolleyballSpiking
325;HammerThrow
326;CliffDiving
327;Billiards
328;HammerThrow
329;CliffDiving
330;VolleyballSpiking
331;HammerThrow
332;VolleyballSpiking
333;CliffDiving
334;CliffDiving
335;CliffDiving
336;Billiards
337;HammerThrow
338;VolleyballSpiking
339;CliffDiving
340;Billiards
341;VolleyballSpiking
342;Billiards
343;HammerThrow
344;Billiards
345;SoccerPenalty
346;BaseballPitch
347;SoccerPenalty
348;VolleyballSpiking
349;HammerThrow
350;VolleyballSpiking
351;Billiards
352;CliffDiving
353;CliffDiving
354;CliffDiving
355;Billiards
356;VolleyballSpiking
357;VolleyballSpiking
358;HammerThrow
359;BaseballPitch
360;CliffDiving
361;HammerThrow
362;HammerThrow
363;HammerThrow
364;HammerThrow
365;Billiards
366;HammerThrow
367;HammerThrow
368;HammerThrow
369;HammerThrow
370;HammerThrow
371;CliffDiving
372;CliffDiving
373;CliffDiving
374;VolleyballSpiking
375;VolleyballSpiking
376;CliffDiving
377;CliffDiving
378;HammerThrow
379;SoccerPenalty
380;VolleyballSpiking
381;BaseballPitch
382;CliffDiving
383;HammerThrow
384;VolleyballSpiking
385;SoccerPenalty
386;Billiards
387;Billiards
388;HammerThrow
389;Billiards
390;HammerThrow
391;VolleyballSpiking
392;HammerThrow
393;Billiards
394;HammerThrow
395;SoccerPenalty
396;CliffDiving
397;CliffDiving
398;HammerThrow
399;BaseballPitch
400;CliffDiving
401;VolleyballSpiking
402;CliffDiving
403;CliffDiving
404;HammerThrow
405;SoccerPenalty
406;CliffDiving
407;BaseballPitch
408;Billiards
409;Billiards
410;HammerThrow
411;CliffDiving
412;VolleyballSpiking
413;Billiards
414;CliffDiving
415;VolleyballSpiking
416;HammerThrow
417;HammerThrow
418;CliffDiving
419;CliffDiving
420;HammerThrow
421;HammerThrow
422;VolleyballSpiking
423;CliffDiving
424;HammerThrow
425;SoccerPenalty
426;HammerThrow
427;HammerThrow
428;CliffDiving
429;SoccerPenalty
430;CliffDiving
431;BaseballPitch
432;CliffDiving
433;Billiards
434;CliffDiving
435;HammerThrow
436;HammerThrow
437;HammerThrow
438;CliffDiving
439;Billiards
440;CliffDiving
441;HammerThrow
442;Billiards
443;BaseballPitch
444;CliffDiving
445;CliffDiving
446;CliffDiving
447;HammerThrow
448;VolleyballSpiking
449;HammerThrow
450;HammerThrow
451;Billiards
452;CliffDiving
453;CliffDiving
454;CliffDiving
455;HammerThrow
456;SoccerPenalty
457;CliffDiving
458;CliffDiving
459;Billiards
460;Billiards
461;HammerThrow
462;CliffDiving
463;VolleyballSpiking
464;HammerThrow
465;CliffDiving
466;Billiards
467;CliffDiving
468;HammerThrow
469;SoccerPenalty
470;VolleyballSpiking
471;Billiards
472;SoccerPenalty
473;HammerThrow
474;CliffDiving
475;VolleyballSpiking
476;CliffDiving
477;SoccerPenalty
478;HammerThrow
479;VolleyballSpiking
480;CliffDiving
481;CliffDiving
482;HammerThrow
483;HammerThrow
484;CliffDiving
485;CliffDiving
486;CliffDiving
487;Billiards
488;HammerThrow
489;VolleyballSpiking
490;HammerThrow
491;CliffDiving
492;BaseballPitch
493;VolleyballSpiking
494;VolleyballSpiking
495;HammerThrow
496;CliffDiving
497;HammerThrow
498;BaseballPitch
499;HammerThrow
500;CliffDiving
501;BaseballPitch
502;CliffDiving
503;HammerThrow
504;CliffDiving
505;CliffDiving
506;HammerThrow
507;CliffDiving
508;HammerThrow
509;HammerThrow
510;HammerThrow
511;CliffDiving
512;HammerThrow
513;HammerThrow
514;HammerThrow
515;VolleyballSpiking
516;VolleyballSpiking
517;CliffDiving
518;HammerThrow
519;HammerThrow
520;HammerThrow
521;HammerThrow
522;VolleyballSpiking
523;Billiards
524;HammerThrow
525;VolleyballSpiking
526;CliffDiving
527;CliffDiving
528;CliffDiving
529;Billiards
530;VolleyballSpiking
531;Billiards
532;HammerThrow
533;CliffDiving
534;VolleyballSpiking
535;VolleyballSpiking
536;HammerThrow
537;HammerThrow
538;HammerThrow
539;VolleyballSpiking
540;HammerThrow
541;HammerThrow
542;Billiards
543;CliffDiving
544;BaseballPitch
545;CliffDiving
546;Billiards
547;HammerThrow
548;SoccerPenalty
549;HammerThrow
550;SoccerPenalty
551;HammerThrow
552;CliffDiving
553;HammerThrow
554;HammerThrow
555;VolleyballSpiking
556;Billiards
557;Billiards
558;CliffDiving
559;VolleyballSpiking
560;BaseballPitch
561;CliffDiving
562;Billiards
563;CliffDiving
564;CliffDiving
565;HammerThrow
566;VolleyballSpiking
567;CliffDiving
568;Billiards
569;Billiards
570;VolleyballSpiking
571;VolleyballSpiking
572;Billiards
573;BaseballPitch
574;HammerThrow
575;CliffDiving
576;Billiards
577;HammerThrow
578;BaseballPitch
579;CliffDiving
580;VolleyballSpiking
581;VolleyballSpiking
582;CliffDiving
583;HammerThrow
584;Billiards
585;HammerThrow
586;HammerThrow
587;HammerThrow
588;HammerThrow
589;HammerThrow
590;CliffDiving
591;HammerThrow
592;CliffDiving
593;CliffDiving
594;Billiards
595;HammerThrow
596;VolleyballSpiking
597;BaseballPitch
598;HammerThrow
599;VolleyballSpiking
600;CliffDiving
601;VolleyballSpiking
602;HammerThrow
603;SoccerPenalty
604;VolleyballSpiking
605;VolleyballSpiking
606;CliffDiving
607;HammerThrow
608;HammerThrow
609;SoccerPenalty
610;HammerThrow
611;VolleyballSpiking
612;SoccerPenalty
613;HammerThrow
614;HammerThrow
615;SoccerPenalty
616;VolleyballSpiking
617;BaseballPitch
618;VolleyballSpiking
619;VolleyballSpiking
620;HammerThrow
621;Billiards
622;HammerThrow
623;BaseballPitch
624;CliffDiving
625;HammerThrow
626;SoccerPenalty
627;HammerThrow
628;HammerThrow
629;CliffDiving
630;CliffDiving
631;Billiards
632;HammerThrow
633;CliffDiving
634;VolleyballSpiking
635;BaseballPitch
636;Billiards
637;CliffDiving
638;HammerThrow
639;CliffDiving
640;HammerThrow
641;CliffDiving
642;Billiards
643;VolleyballSpiking
644;CliffDiving
645;CliffDiving
646;Billiards
647;BaseballPitch
648;HammerThrow
649;CliffDiving
650;CliffDiving
651;SoccerPenalty
652;VolleyballSpiking
653;Billiards
654;HammerThrow
655;Billiards
656;SoccerPenalty
657;HammerThrow
658;HammerThrow
659;HammerThrow
660;Billiards
661;HammerThrow
662;CliffDiving
663;HammerThrow
664;HammerThrow
665;CliffDiving
666;CliffDiving
667;VolleyballSpiking
668;BaseballPitch
669;VolleyballSpiking
670;VolleyballSpiking
671;CliffDiving
672;HammerThrow
673;CliffDiving
674;VolleyballSpiking
675;CliffDiving
676;Billiards
677;CliffDiving
678;HammerThrow
679;VolleyballSpiking
680;CliffDiving
681;HammerThrow
682;VolleyballSpiking
683;VolleyballSpiking
684;HammerThrow
685;SoccerPenalty
686;HammerThrow
687;HammerThrow
688;CliffDiving
689;CliffDiving
690;Billiards
691;Billiards
692;HammerThrow
693;SoccerPenalty
694;Billiards
695;CliffDiving
696;HammerThrow
697;CliffDiving
698;VolleyballSpiking
699;CliffDiving
700;CliffDiving
701;CliffDiving
702;VolleyballSpiking
703;Billiards
704;CliffDiving
705;HammerThrow
706;Billiards
707;CliffDiving
708;CliffDiving
709;CliffDiving
710;HammerThrow
711;HammerThrow
712;HammerThrow
713;HammerThrow
714;HammerThrow
715;VolleyballSpiking
716;CliffDiving
717;CliffDiving
718;BaseballPitch
719;HammerThrow
720;VolleyballSpiking
721;Billiards
722;CliffDiving
723;HammerThrow
724;HammerThrow
725;CliffDiving
726;Billiards
727;BaseballPitch
728;Billiards
729;VolleyballSpiking
730;SoccerPenalty
731;HammerThrow
732;HammerThrow
733;CliffDiving
734;SoccerPenalty
735;SoccerPenalty
736;CliffDiving
737;HammerThrow
738;CliffDiving
739;Billiards
740;HammerThrow
741;VolleyballSpiking
742;HammerThrow
743;CliffDiving
744;BaseballPitch
745;SoccerPenalty
746;Billiards
747;Billiards
748;CliffDiving
749;VolleyballSpiking
750;HammerThrow
751;HammerThrow
752;CliffDiving
753;HammerThrow
754;CliffDiving
755;SoccerPenalty
756;VolleyballSpiking
757;Billiards
758;CliffDiving
759;HammerThrow
760;CliffDiving
761;CliffDiving
762;HammerThrow
763;VolleyballSpiking
764;CliffDiving
765;Billiards
766;SoccerPenalty
767;BaseballPitch
768;HammerThrow
769;BaseballPitch
770;HammerThrow
771;HammerThrow
772;CliffDiving
773;VolleyballSpiking
774;HammerThrow
775;HammerThrow
776;Billiards
777;VolleyballSpiking
778;CliffDiving
779;CliffDiving
780;HammerThrow
781;HammerThrow
782;CliffDiving
783;HammerThrow
784;HammerThrow
785;CliffDiving
786;SoccerPenalty
787;Billiards
788;SoccerPenalty
789;HammerThrow
790;VolleyballSpiking
791;HammerThrow
792;CliffDiving
793;SoccerPenalty
794;SoccerPenalty
795;HammerThrow
796;Billiards
797;VolleyballSpiking
798;HammerThrow
799;SoccerPenalty
800;Billiards
801;SoccerPenalty
802;SoccerPenalty
803;HammerThrow
804;SoccerPenalty
805;CliffDiving
806;Billiards
807;HammerThrow
808;CliffDiving
809;HammerThrow
810;Billiards
811;SoccerPenalty
812;HammerThrow
813;HammerThrow
814;VolleyballSpiking
815;HammerThrow
816;BaseballPitch
817;VolleyballSpiking
818;CliffDiving
819;HammerThrow
820;CliffDiving
821;BaseballPitch
822;Billiards
823;SoccerPenalty
824;Billiards
825;HammerThrow
826;VolleyballSpiking
827;HammerThrow
828;BaseballPitch
829;CliffDiving
830;CliffDiving
831;Billiards
832;HammerThrow
833;VolleyballSpiking
834;CliffDiving
835;CliffDiving
836;HammerThrow
837;SoccerPenalty
838;VolleyballSpiking
839;VolleyballSpiking
840;HammerThrow
841;CliffDiving
842;CliffDiving
843;Billiards
844;VolleyballSpiking
845;CliffDiving
846;HammerThrow
847;HammerThrow
848;HammerThrow
849;SoccerPenalty
850;HammerThrow
851;HammerThrow
852;VolleyballSpiking
853;SoccerPenalty
854;VolleyballSpiking
855;HammerThrow
856;CliffDiving
857;HammerThrow
858;CliffDiving
859;VolleyballSpiking
860;HammerThrow
861;VolleyballSpiking
862;SoccerPenalty
863;VolleyballSpiking
864;VolleyballSpiking
865;HammerThrow
866;Billiards
867;VolleyballSpiking
868;BaseballPitch
869;BaseballPitch
870;Billiards
871;VolleyballSpiking
872;VolleyballSpiking
873;CliffDiving
874;Billiards
875;CliffDiving
876;HammerThrow
877;CliffDiving
878;HammerThrow
879;Billiards
880;HammerThrow
881;VolleyballSpiking
882;Billiards
883;VolleyballSpiking
884;SoccerPenalty
885;VolleyballSpiking
886;VolleyballSpiking
887;VolleyballSpiking
888;VolleyballSpiking
889;CliffDiving
890;SoccerPenalty
891;VolleyballSpiking
892;VolleyballSpiking
893;HammerThrow
894;HammerThrow
895;VolleyballSpiking
896;BaseballPitch
897;HammerThrow
898;BaseballPitch
899;HammerThrow
900;BaseballPitch
901;HammerThrow
902;CliffDiving
903;CliffDiving
904;HammerThrow
905;VolleyballSpiking
906;VolleyballSpiking
907;Billiards
908;HammerThrow
909;HammerThrow
910;BaseballPitch
911;VolleyballSpiking
912;HammerThrow
913;HammerThrow
914;VolleyballSpiking
915;Billiards
916;Billiards
917;CliffDiving
918;HammerThrow
919;HammerThrow
920;HammerThrow
921;CliffDiving
922;SoccerPenalty
923;VolleyballSpiking
924;CliffDiving
925;VolleyballSpiking
926;HammerThrow
927;Billiards
928;BaseballPitch
929;HammerThrow
930;HammerThrow
931;CliffDiving
932;Billiards
933;HammerThrow
934;HammerThrow
935;SoccerPenalty
936;CliffDiving
937;HammerThrow
938;Billiards
939;CliffDiving
940;HammerThrow
941;CliffDiving
942;HammerThrow
943;BaseballPitch
944;Billiards
945;HammerThrow
946;CliffDiving
947;CliffDiving
948;VolleyballSpiking
949;HammerThrow
950;HammerThrow
951;VolleyballSpiking
952;BaseballPitch
953;CliffDiving
954;HammerThrow
955;CliffDiving
956;Billiards
957;CliffDiving
958;CliffDiving
959;CliffDiving
960;VolleyballSpiking
961;CliffDiving
962;CliffDiving
963;HammerThrow
964;CliffDiving
965;VolleyballSpiking
966;CliffDiving
967;CliffDiving
968;Billiards
969;Billiards
970;CliffDiving
971;Billiards
972;HammerThrow
973;Billiards
974;CliffDiving
975;BaseballPitch
976;VolleyballSpiking
977;CliffDiving
978;HammerThrow
979;Billiards
980;Billiards
981;Billiards
982;CliffDiving
983;CliffDiving
984;HammerThrow
985;VolleyballSpiking
986;CliffDiving
987;CliffDiving
988;VolleyballSpiking
989;VolleyballSpiking
990;SoccerPenalty
991;HammerThrow
992;HammerThrow
993;VolleyballSpiking
994;VolleyballSpiking
995;HammerThrow
996;CliffDiving
997;VolleyballSpiking
998;Billiards
999;VolleyballSpiking
1000;Billiards
1001;HammerThrow
1002;VolleyballSpiking
1003;BaseballPitch
1004;SoccerPenalty
1005;CliffDiving
1006;HammerThrow
1007;CliffDiving
1008;HammerThrow
1009;Billiards
1010;HammerThrow
1011;VolleyballSpiking
1012;CliffDiving
1013;VolleyballSpiking
1014;VolleyballSpiking
1015;VolleyballSpiking
1016;HammerThrow
1017;HammerThrow
1018;SoccerPenalty
1019;Billiards
1020;HammerThrow
1021;SoccerPenalty
1022;HammerThrow
1023;HammerThrow
1024;CliffDiving
1025;HammerThrow
1026;CliffDiving
1027;HammerThrow
1028;VolleyballSpiking
1029;CliffDiving
1030;SoccerPenalty
1031;HammerThrow
1032;CliffDiving
1033;HammerThrow
1034;HammerThrow
1035;VolleyballSpiking
1036;CliffDiving
1037;HammerThrow
1038;HammerThrow
1039;CliffDiving
1040;CliffDiving
1041;HammerThrow
1042;HammerThrow
1043;CliffDiving
1044;Billiards
1045;Billiards
1046;VolleyballSpiking
1047;HammerThrow
1048;CliffDiving
1049;CliffDiving
1050;CliffDiving
1051;HammerThrow
1052;Billiards
1053;CliffDiving
1054;Billiards
1055;HammerThrow
1056;VolleyballSpiking
1057;VolleyballSpiking
1058;VolleyballSpiking
1059;HammerThrow
1060;HammerThrow
1061;HammerThrow
1062;CliffDiving
1063;HammerThrow
1064;Billiards
1065;VolleyballSpiking
1066;HammerThrow
1067;VolleyballSpiking
1068;HammerThrow
1069;HammerThrow
1070;HammerThrow
1071;VolleyballSpiking
1072;HammerThrow
1073;HammerThrow
1074;CliffDiving
1075;HammerThrow
1076;SoccerPenalty
1077;VolleyballSpiking
1078;SoccerPenalty
1079;SoccerPenalty
1080;Billiards
1081;HammerThrow
1082;HammerThrow
1083;SoccerPenalty
1084;CliffDiving
1085;Billiards
1086;VolleyballSpiking
1087;VolleyballSpiking
1088;VolleyballSpiking
1089;VolleyballSpiking
1090;HammerThrow
1091;SoccerPenalty
1092;CliffDiving
1093;Billiards
1094;BaseballPitch
1095;Billiards
1096;CliffDiving
1097;HammerThrow
1098;VolleyballSpiking
1099;HammerThrow
1100;VolleyballSpiking
1101;VolleyballSpiking
1102;Billiards
1103;VolleyballSpiking
1104;VolleyballSpiking
1105;CliffDiving
1106;CliffDiving
1107;CliffDiving
1108;CliffDiving
1109;VolleyballSpiking
1110;VolleyballSpiking
1111;HammerThrow
1112;CliffDiving
1113;HammerThrow
1114;HammerThrow
1115;SoccerPenalty
1116;CliffDiving
1117;HammerThrow
1118;CliffDiving
1119;CliffDiving
1120;CliffDiving
1121;VolleyballSpiking
1122;HammerThrow
1123;HammerThrow
1124;HammerThrow
1125;CliffDiving
1126;HammerThrow
1127;VolleyballSpiking
1128;Billiards
1129;VolleyballSpiking
1130;HammerThrow
1131;Billiards
1132;VolleyballSpiking
1133;VolleyballSpiking
1134;CliffDiving
1135;Billiards
1136;VolleyballSpiking
1137;VolleyballSpiking
1138;HammerThrow
1139;CliffDiving
1140;HammerThrow
1141;CliffDiving
1142;CliffDiving
1143;HammerThrow
1144;SoccerPenalty
1145;CliffDiving
1146;CliffDiving
1147;BaseballPitch
1148;CliffDiving
1149;SoccerPenalty
1150;HammerThrow
1151;SoccerPenalty
1152;Billiards
1153;Billiards
1154;BaseballPitch
1155;CliffDiving
1156;VolleyballSpiking
1157;HammerThrow
1158;CliffDiving
1159;HammerThrow
1160;HammerThrow
1161;HammerThrow
1162;SoccerPenalty
1163;CliffDiving
1164;CliffDiving
1165;VolleyballSpiking
1166;Billiards
1167;CliffDiving
1168;VolleyballSpiking
1169;HammerThrow
1170;SoccerPenalty
1171;HammerThrow
1172;Billiards
1173;CliffDiving
1174;CliffDiving
1175;CliffDiving
1176;CliffDiving
1177;Billiards
1178;VolleyballSpiking
1179;CliffDiving
1180;CliffDiving
1181;VolleyballSpiking
1182;HammerThrow
1183;CliffDiving
1184;CliffDiving
1185;CliffDiving
1186;HammerThrow
1187;BaseballPitch
1188;VolleyballSpiking
1189;Billiards
1190;CliffDiving
1191;HammerThrow
1192;CliffDiving
1193;HammerThrow
1194;CliffDiving
1195;HammerThrow
1196;VolleyballSpiking
1197;CliffDiving
1198;BaseballPitch
1199;Billiards
1200;HammerThrow
1201;HammerThrow
1202;CliffDiving
1203;HammerThrow
1204;HammerThrow
1205;HammerThrow
1206;HammerThrow
1207;Billiards
1208;SoccerPenalty
1209;BaseballPitch
1210;HammerThrow
1211;SoccerPenalty
1212;VolleyballSpiking
1213;HammerThrow
1214;Billiards
1215;CliffDiving
1216;SoccerPenalty
1217;CliffDiving
1218;HammerThrow
1219;HammerThrow
1220;HammerThrow
1221;SoccerPenalty
1222;HammerThrow
1223;HammerThrow
1224;CliffDiving
1225;CliffDiving
1226;HammerThrow
1227;SoccerPenalty
1228;HammerThrow
1229;VolleyballSpiking
1230;HammerThrow
1231;Billiards
1232;CliffDiving
1233;BaseballPitch
1234;CliffDiving
1235;HammerThrow
1236;HammerThrow
1237;CliffDiving
1238;HammerThrow
1239;VolleyballSpiking
1240;VolleyballSpiking
1241;SoccerPenalty
1242;VolleyballSpiking
1243;Billiards
1244;CliffDiving
1245;VolleyballSpiking
1246;HammerThrow
1247;VolleyballSpiking
1248;VolleyballSpiking
1249;HammerThrow
1250;Billiards
1251;CliffDiving
1252;VolleyballSpiking
1253;VolleyballSpiking
1254;HammerThrow
1255;Billiards
1256;Billiards
1257;CliffDiving
1258;HammerThrow
1259;BaseballPitch
1260;Billiards
1261;BaseballPitch
1262;VolleyballSpiking
1263;SoccerPenalty
1264;HammerThrow
1265;Billiards
1266;HammerThrow
1267;HammerThrow
1268;HammerThrow
1269;Billiards
1270;VolleyballSpiking
1271;HammerThrow
1272;VolleyballSpiking
1273;HammerThrow
1274;CliffDiving
1275;SoccerPenalty
1276;CliffDiving
1277;BaseballPitch
1278;Billiards
1279;SoccerPenalty
1280;HammerThrow
1281;VolleyballSpiking
1282;CliffDiving
1283;CliffDiving
1284;HammerThrow
1285;VolleyballSpiking
1286;SoccerPenalty
1287;HammerThrow
1288;Billiards
1289;SoccerPenalty
1290;HammerThrow
1291;HammerThrow
1292;SoccerPenalty
1293;HammerThrow
1294;HammerThrow